"nome","resumo","coordenador"
"EFEITOS DE LASERS E LEDS TERAPÊUTICOS DE BAIXA POTÊNCIA NA ESTABILIDADE GENÔMICA E MANUTENÇÃO DE TELÔMEROS","O objetivo deste projeto é avaliar efeitos de lasers e leds no reparo do dna  estabilidade genômica e manutenção de telômeros. Para tal  serão avaliados efeitos de lasers e leds na eletroforese de dna; sobrevivência celular  expressão gênica e proteínas de reparo do dna em escherichia coli; (iii) viabilidade celular  geração de radicais livres  indução de apoptose e necrose  expressão gênica e proteínas de reparo do dna  manutenção e comprimento de telômeros em células de câncer de mama humana.","Adenilson De Souza Da Fonseca"
"INVESTIGAÇÃO DE FATORES GENÉTICOS E EPIGENÉTICOS NA ESCLEROSE LATERAL AMIOTRÓFICA","A esclerose lateral amiotrófica (ela) é uma doença neuromuscular complexa  progressiva  com crescente prevalência e ainda sem cura. Evidências sugerem que os mecanismos epigenéticos  como a metilação do dna  e algumas mutações patogênicas podem contribuir para a neurodegeneração. Este projeto se propõe a investigar o padrão de metilação do gene c9orf72 e mutações no gene vapb em pacientes com ela e avaliar o impacto no risco  sobrevida e evolução da doença e na proposta de novas terapias.","Adriana Helena De Oliveira Reis"
"ESTUDO TAXONÔMICO DOS POLIQUETAS-DE-ESCAMA DA FAMÍLIA POLYNOIDAE KINBERG  1856 (ANNELIDA) DA COLEÇÃO DE POLYCHAETA DA UERJ","Polynoidae kinberg  1856 é uma família de poliquetas-de-escama (annelida). Poliquetas são vermes marinhos segmentados  bentônicos e entre os mais diversos da macrofauna bêntica marinha. Compreende cerca de 800 espécies distribuídas em 200 gêneros. São predadores ativos  encontrados sob pedras desde a região entremarés até profundidades abissais. O objetivo deste projeto é determinar  descrever e ilustrar os polinoídeos da coleção de polychaeta da universidade do estado do rio de janeiro","Alexandra Elaine Rizzo"
"USO DE NANOPARTÍCULAS FUNCIONALIZADAS COM AGENTES TERAPÊUTICOS PARA O TRATAMENTO DE TUMORES","Serão desenvolvidas nanopartículas carregadas com: (i) temozolomida; (ii)sirna para o silenciamento do gene da tenascina-c  uma proteína largamente secretada no microambiente tumoral envolvida tumorigênese; e (iii) fucana. Esses nanocarreadores serão endereçados ao sítio tumoral; e radiomarcados com 99mtecnécio para monitoramento do tratamento. Pretende-se intervir nos mecanismos moleculares e possibilitar o tratamento e o acompanhamento farmacológico.","Aline Oliveira Da Silva De Barros"
"DIVERSIDADE DE ARACHNIDA DE SOLO EM ÁREAS PRESERVADAS URBANAS DE MATA ATLÂNTICA DO RIO DE JANEIRO (ARTHROPODA)","Este projeto pretende caracterizar a aracnofauna áreas preservadas de mata atlântica. As áreas de preservação são importantes refúgios que oferecem benefícios como a manutenção do clima  qualidade da água  do solo e do ar. Uma importante ferramenta de avaliação do ecossistema é a análise da qualidade de seu solo  sendo a macrofauna edáfica um dos indicadores bióticos onde a aracnofauna é um elemento-chave. São previstas composição de listas de espécies  estudos sistemáticos e ecológicos.","Amanda Cruz Mendes"
"INVESTIGAÇÃO DO PAPEL DO SISTEMA COLINÉRGICO EM ALTERAÇÕES COMPORTAMENTAIS E NEUROQUÍMICAS ASSOCIADAS À ESQUIZOFRENIA EM UM MODELO MURINO DURANTE A ADOLESCÊNCIA","A fase prodrômica tem sido encarada como uma janela temporal crítica para o estudo dos eventos neurobiológicos envolvidos no curso fisiopatológico da esquizofrenia. Estudos recentes têm indicado que a intervenção durante esse período pode influenciar no desenrolar dos eventos neurobiológicos da esquizofrenia  sugerindo potencial na prevenção ou mitigação das consequências de tais eventos. Em nosso laboratório investigamos o papel do sistema colinérgico no curso fisiopatológico da esquizofrenia.","Ana Carolina Dutra Tavares"
"PARTILHANDO O ESPAÇO: UM TESTE EMPÍRICO SOBRE OS EFEITOS DA FRAGMENTAÇÃO DE HABITAT NO GRAU DE SOBREPOSIÇÃO ESPAÇO-TEMPORAL DAS ÁREAS DE USO DIÁRIO DE UM PEQUENO MARSUPIAL","O uso do espaço pelos animais é frequentemente abordado com foco em detecção de movimentos entre fragmentos  mas também é esperado que a fragmentação de habitat afete o uso do espaço no interior dos fragmentos. O objetivo geral é avaliar como o grau de sobreposição das áreas de uso diário entre indivíduos é afetado pela fragmentação. Para tal  esse parâmetro será comparado entre dois fragmentos e duas áreas de mata contínua de mata atlântica  usando o marsupial philander quica como modelo.","Ana Claudia Delciellos"
"BIOLOGIA  NUTRIÇÃO E ANTROPOMETRIA INTEGRADAS PARA PROMOÇÃO DE PRÁTICAS SAUDÁVEIS NA ADOLESCÊNCIA","A antropometria avalia o estado nutricional. O projeto integra parâmetros biológicos  antropométricos e nutricionais em adolescentes do capuerj para desenvolver estratégias saudáveis. Metodologias incluem avaliação bioquímica  pressão arterial  antropometria  questionários  programas educativos e análise de dados. Contribuirá para a formação dos estudantes  promovendo saúde e relacionando nutrição e biologia  além de realizar intervenções educativas e produzir publicações científicas.","Anatalia Kutianski Gonzalez Vieira"
"SEGURANÇA E EFICÁCIA DE FRAÇÕES FOTOPROTETORAS DE SANIONIA UNCINATA NO DESENVOLVIMENTO DE FORMULAÇÕES COSMÉTICAS","A radiação ultravioleta (uv) induz diversos efeitos nocivos nos organismos. O musgo sanionia uncinata  proveniente da antártica  tem respondido aos efeitos dessa radiação produzindo metabólitos secundários. Nosso grupo de pesquisa vem estudando os mecanismos de ação relacionados à segurança e eficácia de s. Uncinata. O projeto propõe aprofundar a pesquisa de segurança e eficácia das frações mais ativas em fotoproteção de s. Uncinata objetivando inovação e tecnológica em dermocosmética.","Andréia Da Silva Fernandes Campos"
"IDENTIFICAÇÃO MOLECULAR DE MAMÍFEROS MARINHOS ENCALHADOS NA BACIA DE CAMPOS  RIO DE JANEIRO","O projeto busca identificar os mamíferos marinhos encalhados na bacia de campos  região com histórico de exploração de petróleo. Sete espécies da região são atualmente classificadas como vulneráveis ou em perigo  e buscar causas para os encalhes é essencial para sua conservação. Utilizando o marcador molecular cytb para validar a identificação das carcaças  serão elaboradas planilhas com os encalhes por espécie para análise de correlação entre encalhes e dados climáticos e antropogênicos.","Anna Luiza Dos Santos Donato""DOCUMENTARIO - MATA ATLÂNTICA","A mata atlântica é o terceiro maior bioma brasileiro  apesar disso  é um dos biomas mais ameaçados  resultado  principalmente  da ação antrópica. Muitos esforços vêm sendo efetivados visando a divulgação da importância para todos nós. A proposta do projeto é produzir documentários que apresentem as questões ambientais de forma contextualizada  esperando contribuir  de forma significativa  para o despertar de uma consciência voltada para a preservação do bioma mata atlântica.","Antonio Carlos De Freitas"
"EFEITOS DA EXPOSIÇÃO MATERNA AO PESTICIDA ACEFATO SOBRE O COMPORTAMENTO ALIMENTAR DA PROLE ADULTA DE RATOS WISTAR DE AMBOS OS SEXOS","Sugere-se que a exposição a pesticidas aumente as taxas de obesidade. Esses pesticidas podem atuar como disruptores endócrinos  interferindo no funcionamento dos hormônios. Dados em animais mostram que a exposição a pesticidas  principalmente em fases críticas do desenvolvimento (gestação e lactação) pode levar a programação metabólica  elevando o risco de obesidade na vida adulta. Estudaremos os efeitos a longo prazo da exposição perinatal ao acefato sobre o comportamento alimentar.","Beatriz Souza Da Silva"
"AVALIAÇÃO DO COMPORTAMENTO MOTOR NUM MODELO EXPERIMENTAL DE TRANSTORNO DO ESPECTRO AUTISTA.","Estudar os comportamentos motores no rotarod  teste de remoção de adesivo e teste de motricidade sobre a grade em camundongos expostos ao valproato de sódio durante os 10 primeiros dias de vida pós-natal correspondente ao terceiro trimestre gestacional em humanos. Estudar o balanço excitatório/inibitório por western blotting  relacionando os achados com os dados comportamentais. Avaliar os níveis séricos de acth e corticosterona por elisa.","Bruna Lotufo Denucci"
"EFEITOS DA FOTOBIOMODULAÇÃO EM CÉLULAS DE CÂNCER DE MAMA COM MUTAÇÕES EM BRCA1","O objetivo deste projeto é avaliar os efeitos de lasers terapêuticos de baixa potência na indução de morte programada em células de câncer de mama (cm) com mutações em brca1. Para isso  utilizaremos linhagens celulares com mutações ou não em brca1. Os lasers serão aplicados e conduziremos ensaios relacionados à indução de morte celular programada e à geração do perfil oxidativo. Os resultados obtidos permitirão uma melhor compreensão dos mecanismos envolvidos na fotobiomodulação.","Bruno Ricardo Barreto Pires"
"FLORA DE MATA ATLÂNTICA: ETNOBOTÂNICA  FITOQUÍMICA E ATIVIDADE BIOLÓGICA","O projeto proposto é amplo de modo a contemplar as pesquisas nas áreas de botânica aplicada  meio ambiente e educação ambiental. Entre as ações prevista no projeto  destaca-se a investigação fitoquímica  atividade antioxidante e antimicrobiana  o resgate sociocultural do uso das plantas. Além da importância de se estudar um ecossistema tipicamente brasileiro  há a repercussão deste tipo de abordagem na descoberta de novas fontes químicas para uso aromático  cosmético e terapêutico.","Cristiane Pimentel Victorio"
"EFEITO DO EXERCÍCIO DE VIBRAÇÃO DE CORPO INTEIRO E DA ESTIMULAÇÃO TRANSCRANIANA POR CORRENTE CONTÍNUA NA SINTOMATOLOGIA DE CRIANÇAS DE 6 ATÉ 12 ANOS COM TEA","O objetivo é avaliar o efeito do exercício de vibração de corpo inteiro e da neuromodulação em associação ou não na sintomatologia de crianças de 6 a 12 anos com tea. Estudo aprovado (caae 30649620.10000.5259)  longitudinal  intervencionista  randomizado e com follow-up. Incluídas crianças de 6 a 12 anos com tea e não verbais. Excluídas crianças com epilepsia ou outra comorbidade que incapacite a realização do protocolo. Avaliações serão realizadas antes e após o protocolo de intervenção.","Danúbia Da Cunha De Sá Caputo"
"REVISÃO DOS OTOPHYSI BASAIS E UMA NOVA PROPOSTA FILOGENÉTICA E BIOGEOGRÁFICA","Este projeto tem como objetivo a redescrição de algumas espécies fósseis do mesozoico descritas como possíveis otophysi primitivos. Tais fósseis colaboraram para a proposição de hipóteses conflitantes sobre a origem e diversificação do clado: origem no gondwana com dispersões tetianas versus origem no pangea. Autores sugerem que as semelhanças entre esses fósseis e formas atuais  foram erroneamente descritas. O projeto objetiva a revisão anatômica e taxonômica dessas formas fósseis.","Diogo De Mayrinck"
"ESTRATÉGIAS BIOTECNOLÓGICAS PARA CONSERVAÇÃO  ANÁLISE FITOQUÍMICA E AVALIAÇÃO DO POTENCIAL MEDICINAL DE ESPÉCIES VEGETAIS","O projeto tem como objetivo continuar a aplicação de técnicas biotecnológicas para espécies do gênero arachis  visando ao desenvolvimento de sistemas para a obtenção de material vegetal in vitro  além da caracterização fitoquímica e de potenciais medicinais de extratos desses materiais  em comparação com aqueles obtidos de plantas in vivo. Serão também realizados estudos para a conservação in vitro  além do monitoramento do estresse oxidativo do material produzido e conservado in vitro.","Elisabeth Atalla Mansur De Oliveira"
"EFEITO DO CONSUMO CRÔNICO DO ADOÇANTE ARTIFICIAL SACARINA SOBRE A COMPOSIÇÃO CORPORAL  PARÂMETROS ENDÓCRINO-METABÓLICOS E FUNÇÃO MITOCONDRIAL DE CAMUNDONGOS CONTROLE E OBESOS",".Com o aumento na prevalência da obesidade houve uma maior procura pelo consumo de adoçantes como uma alternativa para perda e manutenção do peso corporal e controle glicêmico. Nossa hipótese é a de que adoçantes artificiais como a sacarina não são compostos inertes e podem promover alterações endócrino-metabólicas e aumento da adiposidade através da indução de modificações do metabolismo energético dos tecido periféricos (adiposo  fígado e músculo) em camundongos controle e obesos.","Érica Patricia Garcia De Souza"
"EFEITOS DO USO DE AZITROMICINA NO DESENVOLVIMENTO DE ASMA ALÉRGICA","A prevalência da asma cresceu nos últimos anos  tendo contribuição do uso de antibióticos  como a azitromicina. Ainda não há relatos do efeito do tratamento precoce com azitromicina no desenvolvimento da asma. Este trabalho tem como objetivo avaliar os efeitos da exposição à azitromicina anterior aos desafios (fase efetora)  em modelo de asma. Serão avaliados parâmetros de disbiose e fatores de relevância para diferentes perfis de asma..","Erick Esteves De Oliveira"
"COMUNICAÇÃO INTERCELULAR EM MONÓCITOS/MACRÓFAGOS: POSSÍVEIS ALTERAÇÕES DO COMPLEXO JUNCIONAL NA INFECÇÃO COM TOXOPLASMA GONDII.","Toxoplasmose é uma doença causada pelo t. Gondii  que afeta diversos sistemas  e tem difusão ampla dada à facilidade de transmissão. Sua disseminação ocorre por células apresentadoras de antígenos (macrófagos) do sistema imunológico (s.I.)  que podem recorrer às junções comunicantes (j.C.)  que no s.I. Estão relacionadas à comunicação celular durante a resposta inflamatória. Assim  este projeto avaliará as alterações nas j.C. De células raw 264.7 após a infecção por t. Gondii.","Fabio Da Silva De Azevedo Fortes"
"CIGARRO ELETRÔNICO E ADOLESCÊNCIA: ESTUDO COMPORTAMENTAL EM MODELO EXPERIMENTAL DE EXPOSIÇÃO SEGUIDO DE TRATAMENTO FARMACOLÓGICO PARA TRANSTORNO POR USO DE SUBSTÂNCIAS","Os cigarros eletrônicos (ces) estão em ascenção no mundo  principalmente entre adolescentes. Em sua maioria  os ces contém uma solução formada por propilenoglicol  glicerina vegetal e nicotina  podendo causar dependência. O tratamento ouro para o tabagismo na atualidade é o tartarato de vareniclina  sendo utilizada  até então  somente em adultos. No presente projeto  observamos os efeitos comportamentais gerados pelo def seguidos de tratamento com vareniclina em camundongos suíços adolescentes.","Fernanda Uchoa Braga"
"CARACTERIZAÇÃO MOLECULAR DA VIRULÊNCIA DE ESCHERICHIA COLI UROPATOGÊNICA NA BUSCA POR ANTÍGENOS VACINAIS CONTRA A INFECÇÃO DO TRATO URINÁRIO.","A infecção do trato urinário (itu) é a causa mais comum de morbidade da população  com prescrição excessiva de antimicrobianos para o tratamento. A terapia gera impacto socioeconômico e na saúde das pessoas. Estudos sobre a virulência de escherichia coli uropatogênica  a principal bactéria causadora da itu  que visam a prevenção da doença  são de extrema relevância clínica e epidemiológica. O trabalho busca caracterizar antígenos de virulência que possam ser usados em vacinas contra a itu.","Flavia Lucia Piffano Costa Pellegrino"
"AVALIAÇÃO DA CITOTOXICIDADE  GENOTOXICIDADE E MUTAGENICIDADE INDUZIDAS POR AGENTES QUÍMICOS","A procura por produtos que promovam benefícios ao organismo  seja diminuindo o risco de mutagênese ou promovendo a cura de doenças  está relacionada ao desejo de aumentar a expectativa de vida. Assim  a identificação das diferentes vias celulares de reparação e/ou seus possíveis efeitos protetores  torna-se imprescindível para a pesquisa farmacológica. Este projeto visa estudar as potencialidades tóxicas e/ou mutagênica de agentes químicos como extratos vegetais  produtos naturais e de síntese.","Flavio Jose Da Silva Dantas"
"PERFIL DE VESÍCULAS EXTRACELULARES  EXPRESSÃO DE INTEGRINAS E NADPH OXIDASE NA INTERAÇÃO DE ESTREPTOCOCOS DO GRUPO B COM CÉLULAS ENDOTELIAIS (HBMEC)","O projeto intitulado estresse oxidadtivo na infecção de células endoteliais com streptococcus agalactiae"" tem por objetivo analisar a ativação da enzima nadph oxidase e formação de espécies reativas de oxigênio e seu papel na patogênese dos s. Agalactiae  bem como analisar a liberação de microvesículas pelas células endoteliais infectadas para busca de um biomarcador das infecções causadas por este patógeno. Queremos investigar também se a nadph oxidase está sendo liberada nessas vesículas.","Gabriela Santos Jonathan"
"ARBORIZAÇÃO URBANA DO BAIRRO DE CAMPO GRANDE  RIO DE JANEIRO  RJ  BRASIL","As áreas verdes possuem papel importante  pois proporciona sombra  diminuição de ruídos  melhoria na qualidade do ar e conforto térmico. Este projeto tem como objetivo identificar as espécies utilizadas para a arborização do bairro de campo grande  rj  e as analisar de forma qualiquantitativa. Será realizado análise quantitativa e qualitativa entre setembro de 2024 a setembro de 2029. Quando necessário  serão coletadas as espécies e o material depositado no herbário da uerj.","George Azevedo De Queiroz"
"FILOGEOGRAFIA COMPARATIVA NO MAR: ABORDAGEM PARAO ESTABELECIMENTO DE ÁREAS PRIORITÁRIAS PARA CONSERVAÇÃO","Os declínios populacionais e a perda de espécies refletem a degradação dos ecossistemas marinhos. Esta proposta pretende identificar centros de dispersão de biodiversidade através de análises filogeográficas de espécies de macroalgas bem distribuídas na costa brasileira. Pretende localizar zonas de transição de biodiversidade de macroalgas marinhas na costa brasileira  além de investigar a relação entre a distribuição das espécies e fatores climáticos do passado e atuais.","Goia De Mattos Lyra"
"REPERCUSSÕES ENDÓCRINO-METABÓLICAS EM CURTO E LONGO PRAZO DA EXPOSIÇÃO PERINATAL À ANÁLOGOS DO BISFENOL A","Diversos componentes estruturais do plástico são considerados tóxicos e atuam como disruptores endócrinos. Dentre os mais conhecidos  o bpa vem sendo substituído por seus análogos estruturais. Pouco se sabe sobre as implicações da utilização destes compostos sobre a saúde humana  principalmente durante períodos críticos de desenvolvimento. Dessa forma  investigaremos os efeitos precoces e tardios da exposição materna ao bpf/af durante a lactação.","Iala Milene Bertasso"
"AVALIAÇÃO DO EFEITO DE LASER DE BAIXA POTÊNCIA NO FENÓTIPO DE CÉLULA-TRONCO DE CÂNCER DE MAMA","As células-tronco de câncer de mama (ctcm) favorecem a progressão tumoral. A terapia com laser de baixa potência (tlbp) é usada em aplicações médicas. Contudo  faltam dados consistentes sobre segurança em pacientes oncológicos. O potencial de aplicação anticâncer da tlbp tem sido indicado. Portanto  o projeto visa avaliar os efeitos da tlbp em ctcm  através de ensaios celulares e moleculares  a fim de contribuir para a compreensão do efeito da fotobiomodulação no contexto mais agressivo de cm.","Isis Salviano Soares De Amorim"
"ENZIMAS DOS ERITRÓCITOS DE PEIXES EXPOSTOS AO ESTRESSE OXIDANTE E AGROTÓXICOS","Estudaremos enzimas antioxidantes do sangue de peixes  cuja coleta não os mata. Faremos ensaios enzimáticas em eritrócitos e células do fígado. Poderemos  então  saber se as variações observáveis no sangue correspondem àquelas encontradas em fígado. Conhecer a cinética de enzimas antioxidantes permite desenvolver biomarcadoresque determinem se o transporte de oxigênio destes peixes através do sangue está prejudicado por hipoxia e poluição  antes de extensos danos à biodiversidade.","Jayme Da Cunha Bastos Neto""ALTERAÇÕES MORFOFUNCIONAIS DO CORPO CAROTÍDEO DE RATOS WISTAR SUBMETIDOS A HIPERTENSÃO RENOVASCULAR E AO TRATAMENTO COM INIBIDORES DO SISTEMA RENINA-ANGIOTENSINA E DA ENZIMA HMG-COA REDUTASE (3-HIDROXI-3-METHYL-GLUTARIL-COA REDUTASE)","Verificar os efeitos dos inibidores do sraa nos marcadores apoptóticos e mitocondriais e do estresse oxidativo em artérias de ratos induzidos à hipertensão renovascular. Animais hipertensos receberão o tratamento (enalapril  losartana ou espironolactona nas dosagens de 10mg  10mg e 25mg/kg/dia respectivamente durante as 5 semanas consecutivas à cirurgia. Serão avaliados os parâmetros hemodinâmicos e os aspectos morfológicos nos vasos através de técnicas imunohistoquímicas.","Jemima Fuentes Ribeiro Da Silva"
"ESTUDO DO PAPEL DE ESFINGOLIPÍDEOS NA INTERAÇÃO DE BACTEROIDES THETAIOTAOMICRON COM MACRÓFAGOS PERITONEAIS DE CAMUNDONGOS","Macrófagos através de cascata de sinalização intracelular promovem respostas pró-inflamatórias. Quando ocorre disbiose na microbiota intestinal  a diversidade microbiana diminui e doenças inflamatórias intestinais ocorrem. Entender a interação de macrófagos com bacteroides thetaiotaomincron pode esclarecer as vias envolvidas na inflamação  pois já é sabido que esta espécie apresenta esfingolipídeos de membrana e que estas moléculas estão implicadas na modulação da resposta imune do hospedeiro.","Jessica Manya Bittencourt Dias Vieira"
"ANÁLISE DAS PROPRIEDADES ANTIOXIDANTE E ANTI-INFLAMATÓRIA DE EXTRATOS DE SEMENTE DE ABACATE E DE CASCA DE ROMÃ NA PREVENÇÃO DA MASTITE BOVINA.","A mastite bovina é uma das principais doenças que afetam a produção de leite  gerando uma perda financeira anual em torno de 35 bilhões de dólares em todo o mundo. Esta enfermidade é caracterizada pela inflamação no úbere bovino  geralmente em consequência de infecções bacterianas. O presente projeto visa avaliar o potencial antioxidante e anti-inflamatório de extratos de cascas de romã e de sementes de abacates no controle da mastite bovina.","João Bosco De Salles"
"PESQUISA DE ARENAVÍRUS EM DIFERENTES BIOMAS BRASILEIROS SOB A PERSPECTIVA DE SAÚDE ÚNICA","O brasil é uma das regiões globais com maior perda de biodiversidade  sendo necessária a implementação da abordagem de saúde única para a prevenção de eventos de emergência/reemergência de patógenos zoonóticos  como os arenavírus  responsáveis por doenças de alta letalidade em animais e humanos. Utilizando diferentes abordagens  esta proposta  pretende identificar a dispersão desses vírus na fauna brasileira e quais as espécies de maior probabilidade de saltar do seu reservatório para o homem","Jorlan Fernandes De Jesus"
"AVALIAÇÃO DE FUNGOS FILAMENTOSOS NA REMOÇÃO DE METAIS PESADOS EM SISTEMAS COMPETITIVOS E NÃO-COMPETITIVOS","A presente pesquisa trata da busca por estirpes de fungos filamentosos  dentre os gêneros aspergillus e penicillium  que possam remover conjuntamente metaispesados que são comumente encontrados nas atividades galvânicas. As estirpes serão solicitadas à coleção de culturas de fungos filamentosos/fiocruz. Dentre as estirpes capacitadas para remoção de metais será feito inicialmente ensaio sobre antagonismo para avaliar a compatibilidade dentre elas.","Judith Liliana Solórzano Lemos"
"AVALIAÇÃO DA INATIVAÇÃO DE MGAT5 COMO ESTRATÉGIA PARA POTENCIALIZAÇÃO DOS EFEITOS DE ANTINEOPLÁSICOS EM CÉLULAS DE CÂNCER COLORRETAL","Tumores colorretais apresentam níveis aumentados de n-glicanos com ramificações do tipo &#946;1 6-glcnac formadas pela enzima mgat5. Essas ramificações estabilizam diversas glicoproteínas na membrana plasmática  incluindo bombas de efluxo envolvidas na resistência a múltiplos fármacos  sugerindo uma relação entre glicosilação aberrante e quimiorresistência. Este trabalho busca identificar se a inativação da mgat5 pode potencializar os efeitos de antineoplásicos em células de câncer colorretal.","Julio Cesar Madureira De Freitas Junior"
"ASPECTOS PALEOECOLÓGICOS DA PALEOCOMUNIDADE DA FORMAÇÃO MARIA FARINHA (BACIA DA PARAÍBA)  NE DO BRASIL","Este projeto analisará as relações paleoecológicas da formação maria farinha  conhecida pelo registro fossilífero da transição de fauna pós-evento de extinção em massa. Através de matrizes de abundância e similaridade  utilizando o coeficiente de distância de bray-curtis  o estudo será inédito e possibilitará as primeiras análises paleoecológicas desta unidade geológica  sendo útil para apoiar as interpretações de possíveis respostas aos distúrbios paleoambientais pretéritos.","Kamila Luisa Nogueira Bandeira"
"AVALIAÇÃO DAS ALTERAÇÕES NAS PLACENTAS  ÓRGÃOS DE NATIMORTO E CORDÃO UMBILICAL DE PACIENTES INFECTADOS PELO VÍRUS ZIKA: ABORDAGEM IMUNOHISTOQUÍMICA  ULTRAESTRUTURAL E MOLECULAR","A febre da zika é uma arbovirose que pode ser contraída por transmissão vertical. A infecção por vírus zika em gestantes pode causar malformações congênitas. Sendo assim  o presente projeto visa compreender as consequências relacionadas ao estresse oxidativo  inflamação e morte celular que a infecção pelo vírus zika pode causar nas células do tecido placentário e de cordão umbilical. Além disso  pretendemos elucidar se os tecidos infectados de natimorto possuem um perfil pró-inflamatório.","Kíssila Rabelo"
"DESARTICULAÇÃO IN SILICO DE OSSOS DO CRÂNIO DE AMPHISBAENA DARWINII DUMÉRIL & BIBRON  1839 (SQUAMATA: AMPHISBAENIA): CONTRIBUIÇÕES PARA A OSTEOLOGIA DO GRUPO","Amphisbaena darwinii é uma espécie sulamericana. A literatura ressalta a importância de descrever a estrutura craniana de anfisbenídeos pelo método bone-by-bone. Assim  este projeto objetiva produzir um modelo tridimensional do crânio de a. Darwinii baseado em imagens de microtomografia computadorizada  e desarticular os ossos cranianos  in silico  os quais poderão ser utilizados em futuras descrições e comparações com outras espécies.","Leandro Dos Santos Lima Hohl"
"GENÔMICA MICROBIANA APLICADA À IDENTIFICAÇÃO E AO MONITORAMENTO EPIDEMIOLÓGICO E DA RESISTÊNCIA ANTIMICROBIANA DE ESPÉCIES REEMERGENTES DO COMPLEXO CORYNEBACTERIUM DIPHTHERIAE E DA ESPÉCIE EMERGENTE CORYNEBACTERIUM STRIATUM ISOLADAS NO BRASIL","O presente projeto destina-se ao acompanhamento epidemiológico das espécies emergente e reemergente  corynebacterium stratum e corynebacterium diphtheriae  respectivamente.A realização deste projeto está diretamente ligada no impacto clínico e de saúde pública que essas espécies podem causar. Como resultado  espera-se que se compreenda a natureza das infecções  bem como a prevenção de surtos.","Lincoln De Oliveira Sant'anna"
"MONITORAMENTO CLÍNICO-EPIDEMIOLÓGICO  ANÁLISE TAXONÔMICA E INVESTIGAÇÃO DE MECANISMOS DE VIRULÊNCIA  RESISTÊNCIA E PERSISTÊNCIA DE BACILOS GRAM-POSITIVOS IRREGULARES DE INTERESSE EM SAÚDE  COM ÊNFASE EM CORYNEBACTERIUM SPP.","Esta proposta visa realizar o monitoramento clínico-epidemiológico e microbiológico de infecções causadas por bacilos gram-positivos irregulares (bgpis) no brasil  com ênfase à difteria e outras infecções associadas a corynebacterium spp..Além disso  pretende contribuir para o desenvolvimento de novos métodos para a identificação de bgpis e investigar a aquisição e expressão de mecanismos de virulência  resistência a antimicrobianos e persistência ambiental apresentados por corinebactérias.","Louisy Sanches Dos Santos Sant'anna"
"EFEITO DO CONSUMO MATERNO DE CAFEÍNA DURANTE A GESTAÇÃO E/OU LACTAÇÃO SOBRE A ADIPOSIDADE E METABOLISMO LIPIDICO DA PROLE ADULTA","Considerando o potencial impacto do consumo materno de cafeína durante a gestação e/ou lactação sobre a saúde da prole  neste projeto pretendemos investigar os desfechos metabólicos do consumo materno de cafeína durante a gestação e/ou lactação nas proles de ambos os sexos. Pretendemos identificar o período neonatal de maior suscetibilidade a essa exposição bem como elucidar alguns dos mecanismos fisiopatológicos que podem repercutir em disfunções imediatas e tardias na prole.","Luana Lopes De Souza Ferreira"
"PEIXES CONTROLADORES DE MOSQUITOS: ENTENDENDO A EFICIÊNCIA DE ESPÉCIES NATIVAS E NÃO-NATIVAS NO CONTROLE BIOLÓGICO","Uma das estratégias para o controle de mosquitos transmissores de doenças é a introdução de peixes larvófagos. Dentre esses peixes  destaca-se o guppy  poecilia reticulata  que foi introduzida em riachos brasileiros com esta finalidade. Nosso objetivo é testar a eficiência do guppy e comparar a mesma com espécies nativas. Os testes serão baseados em exemplares coletados em riachos a partir da morfologia trófica. Nossos resultados podem formular alternativas viáveis ao atual controle biológico.","Luisa Resende Manna"
"O PAPEL DO DUPLO ESTRESSE PERINATAL NA GÊNESE DE DOENÇAS NEUROPSIQUIÁTRICAS","Demostramos previamente que ratos e ratas submetidos ao duplo estresse perinatal (dep) apresentam disfunção sexual e comportamentos tipo-ansioso e tipo-depressivo. O tratamento de animais submetidos ao dep memantina  mas não com fluoxetina ou escitalopram  reverteu o comportamento tipo-depressivo. O presente estudo investigará os efeitos do duplo estresse neonatal  formado pela combinação do empobrecimento ambiental e a separação materna repetida  no comportamento de ratos e ratas.","Marcos Rochedo Ferraz"
"ANÁLISE DAS PROPRIEDADES BACTERICIDAS DE FITOSUBSTÂNCIAS DE RELEVÂNCIA PARA SAÚDE HUMANA E BOVINA.","A organização mundial de saúde reconhecesse os microrganismos multirresistentes como uma ameaça à saúde pública com perspectivas de volta para a era pré-antibiótica. O objetivo desse projeto é avaliar as propriedades dos extratos hidroalcoólicos das sementes de persea americana  folhas de euphorbia umbellata  cascas de frutos de p. Granatum e óleos essenciais de folhas de eugenia astringens frente a bactérias resistentes a múltiplas drogas associadas a infecções em humanos e animais ","Maria Cristina De Assis"
"PESQUISA TRANSLACIONAL RELACIONADA AOS ASPECTOS SOCIODEMOGRÁFICOS  EPIDEMIOLÓGICOS E AO ESTUDO DO MICROAMBIENTE TUMORAL DE PACIENTES COM CARCINOMAS DE CABEÇA E PESCOÇO","Os cânceres de cabeça e pescoço (ccp) é o sexto tumor mundialmente mais comum. Fatores de riscos para o desenvolvimento do ccp são o tabaco  o álcool e à infecção pelo papilomavírus humano (hpv). O projeto pretende estudar o papel e a dinâmica dos componentes do microambiente tumoral (tme) e de populações celulares do sistema imune no cep  para apontar biomarcadores preditores de prognóstico e auxiliar em alvos para novos medicamentos antitumorais.","Marilza De Moura Ribeiro Carvalho"
"CONSERVAÇÃO E MANEJO DE MAMÍFEROS AMEAÇADOS DE EXTINÇÃO: PROMOVENDO ALICERCES ENTRE TEORIA E PRÁTICA PARA ESFORÇOS DE SUCESSO NA MATA ATLÂNTICA","Pesquisadores têm alocado grande esforço na investigação dos fatores de risco de extinção  identificando se espécies ameaçadas são vítimas de maus genes ou má sorte. Aqui  proponho uma abordagem em escala local e regional  visando identificar relações complexas entre fatores intrínsecos (traços ecológicos das espécies) e extrínsecos (impactos antrópicos) para fornecer diretrizes claras de manejo e conservação de mamíferos ameaçados de extinção na mata atlântica.","Marina Zanin Gregorini"
"EFEITOS DO CANABIDIOL EM UM MODELO DE HIPÓXIA-ISQUEMIA PRÉ-NATAL: AVALIAÇÃO MORFOFUNCIONAL DO DESENVOLVIMENTO DO HIPOCAMPO EM RATOS","A hipóxia-isquemia (hi) prénatal resulta em danos cognitivos permanentes. O canabidiol (cbd) tem se mostrado anti-inflamatório e anti-excitotóxico. Visamos avaliar o potencial neuroprotetor do cbd na hi pré-natal. São objetivos específicos investigar os efeitos do cbd no aprendizado e memória  na distribuição de neurônios/glia e nos níveis de proteínas citotóxicas no hipocampo hi. Considerando a importância clínica da hi  esperamos contribuir para a compreensão das lesões e da eficácia do cbd.","Marta Cristina Da Cunha Rodrigues"
"DISTRIBUIÇÃO DAS JUNÇÕES COMUNICANTES DURANTE A DEGENERAÇÃO E REGENERAÇÃO NERVOSA.","Este projeto visa analisar o padrão de interações via junções comunicantes das células de scwhann entre si durante os processos de degeneração walleriana e recuperação neural  bem como uma possível interação com os prolongamentos dos neurôniosdo nervo sural.","Michel Alexandre Villani Gantus"
"ESTUDO PROTEÔMICO DE MICROPARTÍCULAS E PROTEÍNAS SOLÚVEIS SECRETADAS POR HUVECS EM RESPOSTA AO FUNGO ANGIOINVASIVO ASPERGILLUS FUMIGATUS","O aspergillus fumigatus é o principal agente etiológico da aspergilose invasiva  uma infecção fúngica grave caracterizada por um quadro clínico de embolia pulmonar e infarto tecidual. Visto que a secreção de vesículas endoteliais ocorre quando estas células estão ativadas  este projeto objetiva investigar o proteoma de vesículas extracelulares de células endoteliais da veia umbilical humana (huvecs)  secretadas em resposta ao a. Fumigatus.","Nathália Curty De Andrade"
"EXPOSICAO AO PLÁSTICO E IMPACTOS SOBRE O METABOLISMO","Componentes do plástico são tóxicos e atuam como disruptores endócrinos. Uma vez inalados ou ingeridos  micro/nanoplásticos podem ser internalizados nos tecidos humanos  tendo sido encontrados em placenta e leite materno. Pouco se sabe sobre as implicações desta exposição sobre a saúde humana  principalmente durante períodos críticos de desenvolvimento como a gestação e a lactação. Assim  estudaremos os efeitos precoces e os efeitos diretos da exposição aos microplásticos.","Nathalia Medeiros Nehme"
"ANÁLISE DE COMPONENTES CELULARES E GENÔMICOS  POTENCIAL VIRULENTO E PERFIL DE SUSCEPTIBILIDADE ANTIMICROBIANA DE S. AGALACTIAE NO BRASIL","Analisar os componentes celulares  genômicos e epidemiológicos realizando o panorama de susceptibilidade antimicrobiana de streptococcus agalactiae no brasil  para compreender os mecanismos de patogênese da espécie e melhorar as estratégias terapêuticas. Além das análises do resistoma e do potencial de virulência desse microrganismo em modelos in vivo e in vitro que contribuirão para a melhor compreensão da virulência do s. Agalactiae.","Pamella Silva Lannes Costa"
"PROJETO: SCREENING DO POTENCIAL TERAPÊUTICO DE FRAÇÕES E SUBFRAÇÕES DE PTEREDON POLIGALEOFLORUS EM MODELO IN VITRO DE SEPSE E SUA SEQUELA NEUROINFLAMATÓRIA","A complexa alteração do metabolismo do hospedeiro frente a sepse e a variedade de vias fisiopatológicas levam à uma alta morbi/mortalidade  com desenvolvimento de sequelas  em especial  cognitivas. Até o momento  não há estratégia bem sucedida para tratar esta sequela. Desta forma  visamos estudar as alterações imunometabólicas na sepse e o impacto nas células do sistema nervoso central em modelos in vitro e investigar o potencial terapêutico de frações/subfrações de pterodon poligaleoflorus.","Patricia Alves Reis"
"COLETA  CARACTERIZAÇÃO E IDENTIFICAÇÃO DE MACROFUNGOS ÁREAS DE PRESERVAÇÃO AMBIENTAL DO RIO DE JANEIRO.","Informações acerca da diversidade de macrofungos em áreas de preservação ambiental (apas) da mata atlântica do rio de janeiro ainda carecem de mais dados em quantidade e em solidez. Junto com o professor antônio carlos  laramg  este estudo visa realizar o levantamento fotográfico  coleta e identificação morfológica e molecular de macrofungos nessas apas. Os resultados obtidos contribuirão para a conservação e manejo sustentável desses ecossistemas únicos.","Paula Helena Kubitschek Barreira"
"INFLUÊNCIA DE DIFERENTES METODOLOGIAS PARA ESTIMAR O EFEITO DO AUMENTO DA TEMPERATURA NAS TAXAS DE EXCREÇÃO DE NUTRIENTES DE PEIXES.","Estudos que buscaram compreender como a temperatura influencia as taxas de excreção de nutrientes de peixes obtiveram resultados contrastes  que podem ser devido a diferenças metodológicas. Para compreender como a metodologia pode interferir nos resultados dos experimentos que buscam estimar o efeito da temperatura na excreção de peixes  iremos testar a influencia dos fatores: velocidade de mudança da temperatura  intervalo de temperatura testado e o tempo de jejum do animal.","Priscila De Oliveira Cunha"
"UNIDADE DE PESQUISA DE SUBSTÂNCIAS (SINTÉTICAS/NATURAIS) COM AÇÃO ANTITUMORAL","O câncer é um problema de saúde publica mundial e os tratamentos atuais possuem fortes efeitos adversos e resistência a drogas. A química sintética têm revelado promissores compostos com efeito antitumoral e estudos têm demonstrado o potencial antitumoral de amostras vegetais  fonte de moléculas farmacologicamente ativas. Este projeto visa estudar propriedades farmacológicas de substâncias sintéticas ou vegetais com resultados promissores no tratamento do câncer ou em doenças relacionadas.","Rachell Ramalho Correia"
"ESTUDO DOS EFEITOS DE MEDIADORES LIPÍDICOS PRÓ-RESOLUTIVOS NAS ALTERAÇÕES CELULARES E METABÓLICAS ASSOCIADAS À INTERAÇÃO DE CÉLULAS TUMORAIS E MACRÓFAGOS ASSOCIADOS AO TUMOR","A evidente relação inflamação e câncer sugere que mediadores com propriedades pró-resolutivas  tais como lipoxinas possam controlar a progressão tumoral. Macrófagos associados ao tumor (tam) são células imunes que participam do desenvolvimento tumoral. Nesse projeto investigaremos o papel das lipoxinas na modulação do perfil fenotípico e metabólico de tams e em eventos cruciais da biologia da célula tumoral.","Rafael Loureiro Simões"
"ESTUDO DOS POLIMORFISMOS DOS GENES DAS SELENOPROTEÍNAS E A CORRELAÇÃO COM A SUSCEPTIBILIDADE E PROGRESSÃO DA DOENÇA DE CHAGAS","A doença de chagas é uma enfermidade que pode evoluir para uma forma cardíaca debilitante e até mesmo ao óbito. A deficiência de selênio (se) tem sido associada à progressão da doença cardíaca na dc. O se é incorporado às selenoproteínas e desempenha suas funções fisiológicas. Nesta proposta de mestrado  temos como objetivo investigar a possível associação entre os polimorfismos dos genes das selenoproteínas e a doença cardíaca na doença de chagas no brasil.","Roberto Rodrigues Ferreira"
"IDENTIFICAÇÃO MOLECULAR DE PINGUINS ANTÁRTICOS (SPHENISCIFORMES:SPHENISCIDAE) BASEADO NO MARCADO MITOCONDRIAL COI","O projeto busca realizar a identificação molecular de pinguins na ilha rei george  antártica utilizando a análise do marcador molecular coi para identificar as espécies presentes na região. Essa abordagem permitirá a criação de um banco de dados genético  que servirá como base para o projeto de doutorado que investiga paleo-pinguineiras antárticas e suas respostas às mudanças climáticas globais  através do uso do dna ambiental e da caracterização geoquímica orgânica de testemunhos sedimentares.","Rodrigo Goldenberg Barbosa"
"ICTIOFAUNA DE AMBIENTES DE ÁGUA DOCE DO ESTADO DO RIO DE JANEIRO","Objetivamos levantar informações sistemáticas  taxonômicas  morfológicas  ecológicas e moleculares sobre os peixes de água doce das bacias do estado. Através de coletas sistemáticas e paulatinas em diversas bacias hidrográficas fazemos um levantamento das espécies  sua distribuição e grau de endemismo da área para conhecer como estas espécies se relacionam morfologicamente com o ambiente e com as condições ambientais das regiões onde vivem  determinando períodos reprodutivos e dieta.","Rosana Souza Lima"
"EXPOSIÇÃO PERINATAL AO ACEFATO E AO GLIFOSATO  PRINCIPAIS ORGANOFOSFORADOS UTILIZADOS NO BRASIL: PERFIL ENDÓCRINO-METABÓLICO NAS PROLES DE RATOS WISTAR","Uma vez que a população está cada vez mais exposta ao uso de pesticidas via contaminação ambiental e alimentar  nos propomos investigar  em modelo experimental  os impactos da exposição de dois organofosforados mais utilizados no brasil  acefato e glifosato  em fases vulneráveis a insultos (gestação/ lactação). Objetivamos identificar também qual a fase mais afetada por essa exposição  bem como avaliar os mecanismos moleculares responsáveis pelas alterações observadas e se são sexo-específicas.","Rosiane Aparecida Miranda"
"LEVANTAMENTO FLORÍSTICO E FITOSSOCIOLÓGICO DO PARQUE ESTADUAL DA ILHA GRANDE  ANGRA DOS REIS  RJ","O projeto visa inferir sobre as espécies vegetais vasculares que ocorrem no parque estadual da ilha grande (peig)  localizado na ilha grande  angra dos reis e outras unidades de conservação (ucs) do estado do rio de janeiro e de minas gerais. O objetivo é promover o conhecimento taxonômico das espécies vasculares das ucs do estado  contribuindo para ampliar o conhecimento sobre a flora fluminense  especialmente sobre as espécies vasculares e as ameaçadas e/ou com problemas de conservação.","Sebastião José Da Silva Neto"
"EVOLUÇÃO DAS REGIÕES INTERGÊNICAS DO DNA MITOCONDRIAL DAS ESPONJAS MARINHAS DA ORDEM CLIONAIDA","O objetivo deste projeto é investigar a evolução das regiões intergênicas (igrs) no dna mitocondrial (mtdna)das esponjas marinhas e avaliar os efeitos de eventos de diversificação sobre o tamanho e organização do mitogenoma desses metazoários. Para tal  três igrs do mtdna das esponjas da ordem clionaida serão amplificadas  sequenciadas e anotadas para análises comparativas  tendo como base relações filogenéticas reconstruídas a partir de sequências do gene do rrna 28s.","Thiago Silva De Paula"
"FUNCIONAMENTO DE ECOSSISTEMAS AQUÁTICOS CONTINENTAIS: MODELAGEM DE FLUXO DE C  N E P","A ecologia de ecossistema baseia-se nos fluxos de energia e matéria no sistema e os processos biológicos que os regulam. Os fluxos de bioelementos podem ser estudados por abordagens de teia trófica. As atividades humanas alteram a estrutura da comunidade e função do ecossistema  portanto a manutenção da integridade do ecossistema requer abordagens e teorias que abrangem a estrutura e função. Focaremos nesta proposta a modelagem de processos ecossistemas aquáticos do bioma mata atlântica.","Vinicius Neres De Lima"
"EFEITOS DA EXPOSIÇÃO PERINATAL AO CIGARRO ELETRÔNICO EM CAMUNDONGOS SUÍÇOS: UMA ABORDAGEM COMPORTAMENTAL","O tabagismo é uma das principais causas de morte evitável no mundo. Filhos de fumantes grávidas são mais suscetíveis a se tornarem obesos e dependentes de drogas ou alimentos. Em 2003  surgiram os cigarros eletrônicos (ce) e a indústria os promove como alternativas menos prejudiciais. Porém  os efeitos desses produtos não foram totalmente esclarecidos. Estudaremos se a exposição neonatal ao vapor do ce aumenta o risco ao abuso de drogas e alimentos  e o risco de obesidade.","Vitor Hugo Santos Duarte Pinheiro"
"COLEÇÕES ZOOLÓGICAS DIDÁTICO-CIENTÍFICAS COM BANCO DE IMAGENS (MACROFOTOGRAFIA E MEV) NO CAP-UERJ.","As coleções zoológicas são uma fonte de registros da biodiversidade com objetivos acadêmicos e pedagógicos  registrando informações relevantes para estudos morfológicos e moleculares. Em colégios de aplicação  permitem pontes entre ações de pesquisa  ensino e extensão. O presente projeto objetiva criar  registrar e manter a primeira coleção zoológica didático-científica do cap-uerj  por múltiplas técnicas  e um banco com macrofotografias e microscopia eletrônica de varredura dos espécimes.","Waldiney Cavalcante De Mello"
